u,v,weight
巩俐,葛优,2
张国荣,梁朝伟,3
张国荣,林青霞,2
张国荣,周润发,2
加里·奥德曼,丹尼尔·雷德克里夫,2
加里·奥德曼,艾玛·沃森,2
加里·奥德曼,鲁伯特·格林特,2
汤姆·哈迪,约瑟夫·高登-莱维特,2
曾志伟,黄秋生,2
梁朝伟,林青霞,3
吴孟达,周星驰,4
孔刘,郑裕美,2
阿尔·帕西诺,黛安·基顿,2
丹尼尔·雷德克里夫,艾玛·沃森,7
丹尼尔·雷德克里夫,鲁伯特·格林特,7
丹尼尔·雷德克里夫,海伦娜·伯翰·卡特,2
艾玛·沃森,鲁伯特·格林特,7
艾玛·沃森,海伦娜·伯翰·卡特,2
鲁伯特·格林特,海伦娜·伯翰·卡特,2
克里斯蒂安·贝尔,迈克尔·凯恩,2
伊利亚·伍德,奥兰多·布鲁姆,2
伊利亚·伍德,维果·莫腾森,2
伊利亚·伍德,西恩·奥斯汀,3
奥兰多·布鲁姆,西恩·奥斯汀,2
维果·莫腾森,西恩·奥斯汀,2
伊桑·霍克,朱莉·德尔佩,3
富润生,毕克,2
富润生,邱岳峰,2
毕克,邱岳峰,2
凯瑞-安·莫斯,劳伦斯·菲什伯恩,3
凯瑞-安·莫斯,基努·里维斯,3
凯瑞-安·莫斯,雨果·维文,3
劳伦斯·菲什伯恩,基努·里维斯,3
劳伦斯·菲什伯恩,雨果·维文,3
基努·里维斯,雨果·维文,3
亨利·伯格曼,查理·卓别林,2
三浦贵大,松冈茉优,2
三浦贵大,桥本爱,2
三浦贵大,温水洋一,2
松冈茉优,桥本爱,2
松冈茉优,温水洋一,2
桥本爱,温水洋一,2
三船敏郎,志村乔,2
